id,country,iso3,latitude,longitude,centroid,role,displacement_type,qualifier,figure,displacement_date,displacement_start_date,displacement_end_date,year,event_id,event_name,event_codes,event_code_types,event_start_date,event_end_date,category,subcategory,type,subtype,old_id,sources,source_url,locations_name,locations_coordinates,locations_accuracy,locations_type,displacement_occurred,created_at,description,link,combined_type
242874,Cameroon,CMR,11.30827,13.98844,"[11.30827, 13.98844]",Recommended figure,Disaster,approximately,11867,2026-03-03,2026-02-27,2026-03-03,2026,40763,Cameroon: Wildfire - Mayo-Sava (Kolofata) - 27/02/2026,,,2026-02-27,2026-02-27,Weather related,Climatological,Wildfire,Wildfire,,IOM Displacement Tracking Matrix (IOM DTM),,"Kolofata, Kolofata, Mayo-Sava, Far-North, Cameroon","11.30827, 13.98844",Point,Origin,,2026-03-17T13:38:33.530945Z,"Cameroon: 11,867 displacements (uninhabitable housing), 27 February - 03 March. According to IOM DTM, approximately 11,867 people were displaced from the localities of Goledje, Joli Soir, and Camp Protestant (Kolofata subdivision, Mayo-Sava, in Far North) between 27 February and 3 March 2026 due to a wildfire. IOM Displacement Tracking Matrix (IOM DTM) - 04 March 2026",,Wildfire
242826,Cameroon,CMR,12.77407,14.54553,"[12.77407, 14.54553]",Recommended figure,Conflict,approximately,490,2026-03-03,2026-02-26,2026-03-03,2026,39318,Cameroon: Non-International armed conflict (NIAC) - Far North (Boko Haram) - 2026,,,2026-01-01,2026-02-02,,,,,,Office for the Coordination of Humanitarian Affairs (OCHA),,"Blangoua, Logone-et-Chari, Far-North, Cameroon","12.77407, 14.54553",County/City/town/Village/Woreda (ADM3),Origin and destination,Displacement without preventive evacuations reported,2026-03-12T11:55:20.929571Z,"Cameroon: 490 displacements, 26 February - 03 March. According to the OIM DTM, approximately 490 people were internally displaced from Kinzayakeu 1, 2, and 3 in the Blangoua subdivision to Blangoua-Bâche between February 26 and March 3 due to a non-international armed conflict. IOM Displacement Tracking Matrix (IOM DTM) - 04 March 2026",,Conflict
242830,Cameroon,CMR,12.772605,14.487775,"[12.772605, 14.487775]",Recommended figure,Conflict,approximately,380,2026-03-03,2026-02-26,2026-03-03,2026,39318,Cameroon: Non-International armed conflict (NIAC) - Far North (Boko Haram) - 2026,,,2026-01-01,2026-02-02,,,,,,Office for the Coordination of Humanitarian Affairs (OCHA),,"Blangoua, Logone-et-Chari, Far-North, Cameroon; Darak, Logone-et-Chari, Far-North, Cameroon","12.77407, 14.54553; 12.77114, 14.43002",County/City/town/Village/Woreda (ADM3); County/City/town/Village/Woreda (ADM3),Destination; Origin,Displacement without preventive evacuations reported,2026-03-12T12:10:31.211944Z,"Cameroon: 380 displacements, 26 February - 03 March. According to the IOM DTM, approximately 76 households, representing 380 people, were displaced from Darak to Blangoua-Bâche between 26 February and 3 March 2026 due to non-international armed conflict. IOM Displacement Tracking Matrix (IOM DTM) - 04 March 2026",,Conflict
242829,Cameroon,CMR,12.727375,14.391605,"[12.727375, 14.391605]",Recommended figure,Conflict,approximately,2731,2026-03-03,2026-02-26,2026-03-03,2026,39318,Cameroon: Non-International armed conflict (NIAC) - Far North (Boko Haram) - 2026,,,2026-01-01,2026-02-02,,,,,,Office for the Coordination of Humanitarian Affairs (OCHA),,"Darak, Logone-et-Chari, Far-North, Cameroon; Hilé - Alifa, Logone-et-Chari, Far-North, Cameroon","12.77114, 14.43002; 12.68361, 14.35319",County/City/town/Village/Woreda (ADM3); County/City/town/Village/Woreda (ADM3),Origin; Destination,Displacement without preventive evacuations reported,2026-03-12T12:10:31.166489Z,"Cameroon: 2,731 displacements, 26 February - 03 March. According to the IOM DTM, approximately 369 households, representing 2,731 people, were displaced from Naga (651 people), Dore Liman (1,070 people), and Gariwanzame (1,010 people) to Hilé-Alifa Center between 26 February and 3 March 2026 due to non-international armed conflict. IOM Displacement Tracking Matrix (IOM DTM) - 04 March 2026",,Conflict
242798,Cameroon,CMR,12.77407,14.54553,"[12.77407, 14.54553]",Recommended figure,Conflict,approximately,1328,2026-02-16,2026-02-16,2026-02-16,2026,39318,Cameroon: Non-International armed conflict (NIAC) - Far North (Boko Haram) - 2026,,,2026-01-01,2026-02-02,,,,,,IOM Displacement Tracking Matrix (IOM DTM),,"Blangoua, Logone-et-Chari, Far-North, Cameroon","12.77407, 14.54553",County/City/town/Village/Woreda (ADM3),Origin and destination,Displacement without preventive evacuations reported,2026-03-11T14:57:41.436364Z,"Cameroon: 1,328 displacements, 16 February - 16 February. According to IOM DTM (ETT Round 136), approximately 1,328 people were displaced from Kinzayakeu I (750 people), Kinzayakeu II (251 people) and Kinzayakeu III (327 people) in Blangoua subdivision to Blangoua-Bâche (Blangoua subdivision) on 16 February 2026, due to non-international armed conflict. IOM Displacement Tracking Matrix (IOM DTM) - 17 February 2026",,Conflict
242799,Cameroon,CMR,12.727375,14.391605,"[12.727375, 14.391605]",Recommended figure,Conflict,approximately,360,2026-02-16,2026-02-16,2026-02-16,2026,39318,Cameroon: Non-International armed conflict (NIAC) - Far North (Boko Haram) - 2026,,,2026-01-01,2026-02-02,,,,,,IOM Displacement Tracking Matrix (IOM DTM),,"Darak, Logone-et-Chari, Far-North, Cameroon; Hilé - Alifa, Logone-et-Chari, Far-North, Cameroon","12.77114, 14.43002; 12.68361, 14.35319",County/City/town/Village/Woreda (ADM3); County/City/town/Village/Woreda (ADM3),Origin; Destination,Displacement without preventive evacuations reported,2026-03-11T15:02:48.013256Z,"Cameroon: 360 displacements, 16 February - 16 February. According to IOM DTM, approximately 360 people were displaced from Karama (Darak subdidivision) to Hilé-Alifa centre (Hilé-Alifa subdidivision, Logone-et-Chari) on 16 February 2026, due to non-international armed conflict. IOM Displacement Tracking Matrix (IOM DTM) - 17 February 2026",,Conflict
242797,Cameroon,CMR,10.915386666666665,14.456533333333333,"[10.915386666666665, 14.456533333333333]",Recommended figure,Conflict,approximately,354,2026-02-17,2026-02-14,2026-02-17,2026,40751,Cameroon: Crime-related violence - Far North (Mayo-Kani)- 14/02/2026,,,2026-02-14,2026-02-17,,,,,,IOM Displacement Tracking Matrix (IOM DTM),,"Magdémé, Mora, Mayo-Sava, Far-North, Cameroon; Mora, Mayo-Sava, Far-North, Cameroon; Moulvoudaye, Mayo-Kani, Far-North, Cameroon","11.17339, 14.23486; 11.15824, 14.30793; 10.41453, 14.82681",County/City/town/Village/Woreda (ADM3); County/City/town/Village/Woreda (ADM3); County/City/town/Village/Woreda (ADM3),Origin; Origin; Destination,Displacement without preventive evacuations reported,2026-03-11T14:32:47.509186Z,"Cameroon: 354 displacements, 14 February - 17 February. According to IOM DTM Cameroon, approximately 354 people were displaced from localities of Magdémé, Doublé, and Tchakarmari (Mora arrondissement) to Moulvoudaye (Mayo-Kani department) between 14 and 17 February 2026, due to criminal violence. IOM Displacement Tracking Matrix (IOM DTM) - 17 February 2026",,Conflict
242801,Cameroon,CMR,12.5725075,14.472795,"[12.5725075, 14.472795]",Recommended figure,Conflict,approximately,256,2026-02-19,2026-02-08,2026-02-19,2026,39318,Cameroon: Non-International armed conflict (NIAC) - Far North (Boko Haram) - 2026,,,2026-01-01,2026-02-02,,,,,,IOM Displacement Tracking Matrix (IOM DTM),,"Darak, Logone-et-Chari, Far-North, Cameroon; Hilé - Alifa, Logone-et-Chari, Far-North, Cameroon; Makary, Logone-et-Chari, Far-North, Cameroon; Ngouma, Makary, Logone-et-Chari, Far-North, Cameroon","12.77114, 14.43002; 12.68361, 14.35319; 12.21232, 14.80903; 12.62296, 14.29894",County/City/town/Village/Woreda (ADM3); County/City/town/Village/Woreda (ADM3); County/City/town/Village/Woreda (ADM3); County/City/town/Village/Woreda (ADM3),Origin; Origin; Origin and destination; Destination,Displacement without preventive evacuations reported,2026-03-11T16:35:38.946760Z,"Cameroon: 256 displacements, 08 February - 19 February. According to IOM DTM, approximately 256 people were internally displaced from Bargaram and Tchika (Hilé-Alifa), Darak (Darak) and Boungour (Makary) to Ngouma (Makary) in the Logone-et-Chari department during February 2026 due to non-international armed conflict. IOM Displacement Tracking Matrix (IOM DTM) - 20 February 2026",,Conflict
240750,Cameroon,CMR,12.727375,14.391605,"[12.727375, 14.391605]",Recommended figure,Conflict,approximately,875,2026-02-09,2026-02-07,2026-02-09,2026,39318,Cameroon: Non-International armed conflict (NIAC) - Far North (Boko Haram) - 2026,,,2026-01-01,2026-02-02,,,,,,IOM Displacement Tracking Matrix (IOM DTM),,"Darak, Logone-et-Chari, Far-North, Cameroon; Hilé - Alifa, Logone-et-Chari, Far-North, Cameroon","12.77114, 14.43002; 12.68361, 14.35319",County/City/town/Village/Woreda (ADM3); County/City/town/Village/Woreda (ADM3),Origin; Destination,Displacement without preventive evacuations reported,2026-02-23T17:04:00.517841Z,"Cameroon: 875 displacements, 07 February - 09 February. According to IOM DTM Cameroon, approximately 875 poeple were displaced from Darak (Darak subdivision) to Hilé-Alifa centre, between 7 and 9 February 2026, due to non-international armed conflict. IOM Displacement Tracking Matrix (IOM DTM) - 10 February 2026",,Conflict
240751,Cameroon,CMR,12.68361,14.35319,"[12.68361, 14.35319]",Recommended figure,Conflict,approximately,630,2026-02-09,2026-02-07,2026-02-09,2026,39318,Cameroon: Non-International armed conflict (NIAC) - Far North (Boko Haram) - 2026,,,2026-01-01,2026-02-02,,,,,,IOM Displacement Tracking Matrix (IOM DTM),,"Hilé - Alifa, Logone-et-Chari, Far-North, Cameroon","12.68361, 14.35319",County/City/town/Village/Woreda (ADM3),Origin and destination,Displacement without preventive evacuations reported,2026-02-23T17:13:09.181889Z,"Cameroon: 630 displacements, 07 February - 09 February. According to IOM DTM Cameroon, approximately 630 people were displaced from Bargaram (Hilé-Alifa subdivision) to Hilé-Alifa centre, between 7 and 9 February, due to non-international armed conflict. IOM Displacement Tracking Matrix (IOM DTM) - 10 February 2026",,Conflict
240749,Cameroon,CMR,12.772605,14.487775,"[12.772605, 14.487775]",Recommended figure,Conflict,approximately,2718,2026-02-09,2026-02-07,2026-02-09,2026,39318,Cameroon: Non-International armed conflict (NIAC) - Far North (Boko Haram) - 2026,,,2026-01-01,2026-02-02,,,,,,IOM Displacement Tracking Matrix (IOM DTM),,"Blangoua, Logone-et-Chari, Far-North, Cameroon; Darak, Logone-et-Chari, Far-North, Cameroon","12.77407, 14.54553; 12.77114, 14.43002",County/City/town/Village/Woreda (ADM3); County/City/town/Village/Woreda (ADM3),Destination; Origin,Displacement without preventive evacuations reported,2026-02-23T17:00:04.581487Z,"Cameroon: 2,718 displacements, 07 February - 09 February. According to IOM DTM Cameroon, approximately 2,718 people were internally displaced from Darak (Darak subdivision) to four localities in Blangoua subdivision (Ardebé-Massa: 372, Guellam: 570, Blangoua-Bâche: 1,260, Site de Daboulda: 516), between 7 and 9 February 2026, due to non-international armed conflict. IOM Displacement Tracking Matrix (IOM DTM) - 10 February 2026",,Conflict
240825,Cameroon,CMR,11.24066,13.94829,"[11.24066, 13.94829]",Recommended figure,Disaster,approximately,4445,2026-02-09,2026-02-07,2026-02-09,2026,39672,Cameroon: Wildfire - Far North (Mayo-Sava/Kolofata)- 07/02/2026,,,2026-02-07,2026-02-07,Weather related,Climatological,Wildfire,Wildfire,,IOM Displacement Tracking Matrix (IOM DTM),,"Ndaba, Kolofata, Mayo-Sava, Far-North, Cameroon","11.24066, 13.94829",County/City/town/Village/Woreda (ADM3),Origin,,2026-02-24T16:14:03.367128Z,"Cameroon: 4,445 displacements (uninhabitable housing), 07 February - 09 February. According to IOM DTM, approximately 4,445 people were displaced at Sites Ndaba and Tribune in the locality of Kolofata, Kolofata subdivision, Mayo-Sava department, in Far North between 7 and 9 February 2026, following a series of wildfires. IOM Displacement Tracking Matrix (IOM DTM) - 10 February 2026",,Wildfire
229489,Cameroon,CMR,11.14063,14.00279,"[11.14063, 14.00279]",Triangulation,Disaster,more than or equal to,21000,2026-02-07,2026-02-07,2026-02-07,2026,39672,Cameroon: Wildfire - Far North (Mayo-Sava/Kolofata)- 07/02/2026,,,2026-02-07,2026-02-07,Weather related,Climatological,Wildfire,Wildfire,,European Civil Protection and Humanitarian Aid Operations (ECHO); Office for the Coordination of Humanitarian Affairs (OCHA),,"Kolofata, Mayo-Sava, Far-North, Cameroon","11.14063, 14.00279",County/City/town/Village/Woreda (ADM3),Origin,,2026-02-10T17:51:14.959729Z,"Cameroon: 21,000 displacements (destroyed housing), 07 February - 07 February. According to DG ECHO, more than 3,500 shelters were destroyed across four IDP sites in Kolofata (Mayo-Sava, Far North region) on 7 February due to wildfires. European Civil Protection and Humanitarian Aid Operations (ECHO) - 09 February 2026",,Wildfire
225567,Cameroon,CMR,10.66623,13.83659,"[10.66623, 13.83659]",Recommended figure,Conflict,approximately,1496,2026-02-02,2026-01-28,2026-02-02,2026,39318,Cameroon: Non-International armed conflict (NIAC) - Far North (Boko Haram) - 2026,,,2026-01-01,2026-02-02,,,,,,IOM Displacement Tracking Matrix (IOM DTM),,"Mokolo, Mayo-Tsanaga, Far-North, Cameroon","10.66623, 13.83659",County/City/town/Village/Woreda (ADM3),Origin and destination,Displacement without preventive evacuations reported,2026-02-04T16:11:06.307495Z,"Cameroon: 1,496 displacements, 28 January - 02 February. According to IOM, approximately 1496 people were internally displaced from Magoumaz and Vouzod villages to various locations within Mokolo arrondissement during 28 January - 2 February due to non-international armed conflict. IOM Displacement Tracking Matrix (IOM DTM) - 03 February 2026",,Conflict
225566,Cameroon,CMR,12.742939999999999,14.442913333333331,"[12.742939999999999, 14.442913333333331]",Recommended figure,Conflict,total,1962,2026-02-02,2026-01-27,2026-02-02,2026,39318,Cameroon: Non-International armed conflict (NIAC) - Far North (Boko Haram) - 2026,,,2026-01-01,2026-02-02,,,,,,IOM Displacement Tracking Matrix (IOM DTM),,"Blangoua, Logone-et-Chari, Far-North, Cameroon; Darak, Logone-et-Chari, Far-North, Cameroon; Hilé - Alifa, Logone-et-Chari, Far-North, Cameroon","12.77407, 14.54553; 12.77114, 14.43002; 12.68361, 14.35319",County/City/town/Village/Woreda (ADM3); County/City/town/Village/Woreda (ADM3); County/City/town/Village/Woreda (ADM3),Destination; Origin; Origin and destination,Displacement without preventive evacuations reported,2026-02-04T16:04:07.240089Z,"Cameroon: 1,962 displacements, 27 January - 02 February. According to IOM DTM, approximately 1,962 people were internally displaced in Logone-et-Chari department between 27 January and 2 February due to non-international armed group. IOM Displacement Tracking Matrix (IOM DTM) - 03 February 2026",,Conflict
224293,Cameroon,CMR,10.66623,13.83659,"[10.66623, 13.83659]",Recommended figure,Conflict,approximately,1065,2026-01-13,2026-01-08,2026-01-13,2026,39318,Cameroon: Non-International armed conflict (NIAC) - Far North (Boko Haram) - 2026,,,2026-01-01,2026-02-02,,,,,,IOM Displacement Tracking Matrix (IOM DTM),,"Mokolo, Mayo-Tsanaga, Far-North, Cameroon","10.66623, 13.83659",County/City/town/Village/Woreda (ADM3),Origin and destination,Displacement without preventive evacuations reported,2026-01-26T17:18:54.376698Z,"Cameroon: 1,065 displacements, 08 January - 13 January. According to IOM DTM, approximately 1,065 people were internally displaced from Magoumaz to Mokolo centre sub-quarters in Mayo-Tsanaga department on 8 January 2026 due to non-international armed group. IOM Displacement Tracking Matrix (IOM DTM) - 14 January 2026",,Conflict
224281,Cameroon,CMR,12.734145,14.3132,"[12.734145, 14.3132]",Recommended figure,Conflict,approximately,1085,2025-12-30,2025-12-27,2025-12-30,2025,30488,Cameroon: Non-International armed conflict (NIAC) - Far North (Boko Haram) - 2025,,,2025-01-01,2025-12-28,,,,,,IOM Displacement Tracking Matrix (IOM DTM),,"Hilé - Alifa, Logone-et-Chari, Far-North, Cameroon; Tchika, Hilé - Alifa, Logone-et-Chari, Far-North, Cameroon","12.68361, 14.35319; 12.78468, 14.27321",County/City/town/Village/Woreda (ADM3); County/City/town/Village/Woreda (ADM3),Origin and destination; Origin,Displacement without preventive evacuations reported,2026-01-26T08:51:20.248259Z,"Cameroon: 1,085 displacements, 27 December - 30 December. According to IOM DTM, approximately 1,085 people were displaced from Djibouniba and Tchika villages in Hilé-Alifa subdivision between 27-30 December 2025 due to non-international armed conflict. IOM Displacement Tracking Matrix (IOM DTM) - 31 December 2025",,Conflict
223669,Cameroon,CMR,10.669664999999998,14.4139875,"[10.669664999999998, 14.4139875]",Recommended figure,Conflict,approximately,370,2025-12-29,2025-12-24,2025-12-29,2025,30488,Cameroon: Non-International armed conflict (NIAC) - Far North (Boko Haram) - 2025,,,2025-01-01,2025-12-28,,,,,,International Organization for Migration (IOM),,"Gouroum, Dargala, Diamaré, Far-North, Cameroon; Larie, Mindif, Mayo-Kani, Far-North, Cameroon; Mogom, Mindif, Mayo-Kani, Far-North, Cameroon; Mora, Mayo-Sava, Far-North, Cameroon","10.523, 14.4901; 10.4812, 14.43172; 10.51622, 14.4262; 11.15824, 14.30793",County/City/town/Village/Woreda (ADM3); County/City/town/Village/Woreda (ADM3); County/City/town/Village/Woreda (ADM3); County/City/town/Village/Woreda (ADM3),Destination; Destination; Destination; Origin,Displacement without preventive evacuations reported,2026-01-22T19:04:28.415505Z,"Cameroon: 370 displacements, 24 December - 29 December. According to IOM DTM Cameroon, approximately 370 people were internally displaced from Magdémé, Doublé, and Yémé localities to Gouroum in Diamaré department between December 24-30, 2025, due to kidnappings for ransom and cattle theft. The displaced are staying with host families or in spontaneous sites. International Organization for Migration (IOM) - 30 December 2025",,Conflict
224248,Cameroon,CMR,12.656243333333334,14.437033333333334,"[12.656243333333334, 14.437033333333334]",Recommended figure,Conflict,total,460,2025-12-28,2025-12-15,2025-12-28,2025,30488,Cameroon: Non-International armed conflict (NIAC) - Far North (Boko Haram) - 2025,,,2025-01-01,2025-12-28,,,,,,IOM Displacement Tracking Matrix (IOM DTM),,"Blangoua, Logone-et-Chari, Far-North, Cameroon; Makary, Logone-et-Chari, Far-North, Cameroon; Ngouma, Makary, Logone-et-Chari, Far-North, Cameroon","12.77407, 14.54553; 12.5717, 14.46663; 12.62296, 14.29894",County/City/town/Village/Woreda (ADM3); County/City/town/Village/Woreda (ADM3); Point,Destination; Origin; Origin,Displacement without preventive evacuations reported,2026-01-23T12:07:57.323253Z,"Cameroon: 460 displacements, 15 December - 28 December. According to IOM DTM, a total of 460 people were displaced from Ngouma (289), Boungour (70), and Gonre (101) in the Makary sub-division to Blangoua-Bâche in Blangoua sub-division, Logone-et-Chari department between 15 and 28 December due to non-international armed conflict. IOM Displacement Tracking Matrix (IOM DTM) - 30 December 2025",,Conflict
224286,Cameroon,CMR,6.186109999999999,10.368685,"[6.186109999999999, 10.368685]",Recommended figure,Conflict,approximately,1426,2025-11-29,2025-11-26,2025-11-29,2025,37249,Cameroon: Non-International armed conflict (NIAC) - Northwest - 2025,,,2025-09-01,2025-09-30,,,,,,Office for the Coordination of Humanitarian Affairs (OCHA),,"Bafut, Mezam, Northwest, Cameroon; Kumbo, Bui, Northwest, Cameroon","6.16531, 10.03282; 6.20691, 10.70455",County/City/town/Village/Woreda (ADM3); County/City/town/Village/Woreda (ADM3),Origin; Origin,Displacement without preventive evacuations reported,2026-01-26T12:01:46.523705Z,"Cameroon: 1,426 displacements (forced to flee), 26 November - 29 November. According to OCHA, approximately 1,426 persons were internally displaced from Kumbo and Bafut subdivisions to nearby villages during 26-29 November due to non-international armed conflict. Office for the Coordination of Humanitarian Affairs (OCHA) - 08 January 2026",,Conflict
218225,Cameroon,CMR,11.18359,13.91568,"[11.18359, 13.91568]",Recommended figure,Conflict,total,60,2025-11-13,2025-11-12,2025-11-13,2025,30488,Cameroon: Non-International armed conflict (NIAC) - Far North (Boko Haram) - 2025,,,2025-01-01,2025-12-28,,,,,,European Civil Protection and Humanitarian Aid Operations (ECHO),,"Kerawa, Kolofata, Mayo-Sava, Far-North, Cameroon","11.18359, 13.91568",County/City/town/Village/Woreda (ADM3),Origin,,2025-12-17T15:05:16.893502Z,"Cameroon: 60 displacements (destroyed housing), 12 November - 13 November. According to ECHO, 10 households were forced to flee from Bakarife–Kerawa IDP site to surrounding areas during 12-13 November due to non-international armed conflict. European Civil Protection and Humanitarian Aid Operations (ECHO) - 17 November 2025",,Conflict
224287,Cameroon,CMR,6.16318,9.48994,"[6.16318, 9.48994]",Recommended figure,Conflict,more than or equal to,220,2025-11-30,2025-11-01,2025-11-30,2025,30719,Cameroon: Non-International armed conflict (NIAC) - Southwest - 2025,,,2025-01-22,2025-06-30,,,,,,Office for the Coordination of Humanitarian Affairs (OCHA),,"Akwaya, Manyu, Southwest, Cameroon","6.16318, 9.48994",County/City/town/Village/Woreda (ADM3),Origin,Displacement without preventive evacuations reported,2026-01-26T12:07:11.458314Z,"Cameroon: 220 displacements (forced to flee), 01 November - 30 November. Non-international armed conflict resulted in more than 220 persons internally displaced from Akwaya subdivision in November according to OCHA. Office for the Coordination of Humanitarian Affairs (OCHA) - 08 January 2026",,Conflict
224283,Cameroon,CMR,5.83948,9.766639999999999,"[5.83948, 9.766639999999999]",Recommended figure,Conflict,more than or equal to,600,2025-10-31,2025-10-25,2025-10-31,2025,37249,Cameroon: Non-International armed conflict (NIAC) - Northwest - 2025,,,2025-09-01,2025-09-30,,,,,,Office for the Coordination of Humanitarian Affairs (OCHA),,"Diche II, Widikum-Boffé, Momo, Northwest, Cameroon; Diche I, Widikum-Boffé, Momo, Northwest, Cameroon","5.82883, 9.77713; 5.85013, 9.75615",County/City/town/Village/Woreda (ADM3); County/City/town/Village/Woreda (ADM3),Origin; Destination,Displacement without preventive evacuations reported,2026-01-26T11:51:58.387531Z,"Cameroon: 600 displacements, 25 October - 31 October. According to OCHA, more than 600 people were internally displaced from Diche II to Diche I village in Momo division, North-West region, in late October 2025 due to non-international armed conflict. Office for the Coordination of Humanitarian Affairs (OCHA) - 08 January 2026",,Conflict
224285,Cameroon,CMR,5.882210000000001,9.721160000000001,"[5.882210000000001, 9.721160000000001]",Recommended figure,Conflict,more than or equal to,10,2025-10-31,2025-10-25,2025-10-31,2025,37249,Cameroon: Non-International armed conflict (NIAC) - Northwest - 2025,,,2025-09-01,2025-09-30,,,,,,Office for the Coordination of Humanitarian Affairs (OCHA),,"Diche I, Widikum-Boffé, Momo, Northwest, Cameroon; Olorunti, Widikum-Boffé, Momo, Northwest, Cameroon","5.85013, 9.75615; 5.91429, 9.68617",County/City/town/Village/Woreda (ADM3); County/City/town/Village/Woreda (ADM3),Destination; Origin,Displacement without preventive evacuations reported,2026-01-26T11:54:47.727611Z,"Cameroon: 10 displacements, 25 October - 31 October. According to OCHA, more than 2 households were internally displaced from Olorunti to Diche I village in Momo division, North-West region, in late October 2025 due to non-international armed conflict. Office for the Coordination of Humanitarian Affairs (OCHA) - 08 January 2026",,Conflict
215664,Cameroon,CMR,12.734145,14.3132,"[12.734145, 14.3132]",Recommended figure,Disaster,total,240,2025-10-04,2025-10-04,2025-10-04,2025,37424,Cameroon: Storm - Far North (Hilé-Alifa) - 04/10/2025,,,2025-10-04,2025-10-04,Weather related,Meteorological,Storm,Storm,,Local Authorities; Office for the Coordination of Humanitarian Affairs (OCHA),,"Hilé - Alifa, Logone-et-Chari, Far-North, Cameroon; Tchika, Hilé - Alifa, Logone-et-Chari, Far-North, Cameroon","12.68361, 14.35319; 12.78468, 14.27321",County/City/town/Village/Woreda (ADM3); County/City/town/Village/Woreda (ADM3),Origin; Origin,,2025-12-11T15:09:10.952630Z,"Cameroon: 240 displacements (destroyed housing), 04 October - 04 October. According to OCHA, who cite local authorities and humanitarian partners, at least 40 households were internally displaced due to destroyed shelters caused by a storm in Tchika and Katikimé localities, Hilé-Alifa subdivision, Mayo-Tsanaga department. Office for the Coordination of Humanitarian Affairs (OCHA) - 04 November 2025",,Storm
193830,Cameroon,CMR,10.922185,13.866870000000002,"[10.922185, 13.866870000000002]",Recommended figure,Conflict,total,892,2025-09-07,2025-09-06,2025-09-07,2025,30488,Cameroon: Non-International armed conflict (NIAC) - Far North (Boko Haram) - 2025,,,2025-01-01,2025-12-28,,,,,,IOM Displacement Tracking Matrix (IOM DTM),,"Guedjele, Koza, Mayo-Tsanaga, Far-North, Cameroon; Koza, Mayo-Tsanaga, Far-North, Cameroon; Mandoussa_dza, Koza, Mayo-Tsanaga, Far-North, Cameroon; Modoko, Koza, Mayo-Tsanaga, Far-North, Cameroon","10.92897, 13.88146; 10.92329, 13.88166; 10.92083, 13.82227; 10.91565, 13.88209",County/City/town/Village/Woreda (ADM3); County/City/town/Village/Woreda (ADM3); County/City/town/Village/Woreda (ADM3); County/City/town/Village/Woreda (ADM3),Origin; Destination; Origin; Origin,Displacement without preventive evacuations reported,2025-10-02T16:45:50.992701Z,"Cameroon: 892 displacements, 06 September - 07 September. Non-international armed conflict resulted in a total of 892 people being internally displaced from Modoko, Guedjélé, and Mandoussa within the Koza and Mayo-Moskota districts to central Koza, Mayo-Tsanaga department, on 6 and 7 September, according to IOM Displacement Tracking Matrix (IOM DTM). IOM Displacement Tracking Matrix (IOM DTM) - 16 September 2025",,Conflict
215025,Cameroon,CMR,6.70419,10.51243,"[6.70419, 10.51243]",Recommended figure,Conflict,approximately,2000,2025-09-30,2025-09-01,2025-09-30,2025,37249,Cameroon: Non-International armed conflict (NIAC) - Northwest - 2025,,,2025-09-01,2025-09-30,,,,,,Office for the Coordination of Humanitarian Affairs (OCHA),,"Dumbo, Misaje, Donga-Mantung, Northwest, Cameroon","6.70419, 10.51243",County/City/town/Village/Woreda (ADM3),Origin,Displacement without preventive evacuations reported,2025-12-05T16:25:06.345967Z,"Cameroon: 2,000 displacements (forced to flee), 01 September - 30 September. According to OCHA, around 2,000 people were internally displaced from Dumbo in Donga-Mantung Division due to non-international armed conflict in September. Office for the Coordination of Humanitarian Affairs (OCHA) - 30 October 2025",,Conflict
215008,Cameroon,CMR,4.40427,9.27267,"[4.40427, 9.27267]",Recommended figure,Conflict,approximately,2500,2025-09-30,2025-09-01,2025-09-30,2025,30719,Cameroon: Non-International armed conflict (NIAC) - Southwest - 2025,,,2025-01-22,2025-06-30,,,,,,Office for the Coordination of Humanitarian Affairs (OCHA),,"Munyenge, Muyuka, Fako, Southwest, Cameroon","4.40427, 9.27267",County/City/town/Village/Woreda (ADM3),Origin,Displacement without preventive evacuations reported,2025-12-05T16:09:25.874067Z,"Cameroon: 2,500 displacements (forced to flee), 01 September - 30 September. According to OCHA, around 2,500 people were internally displaced from Munyenge in Fako Division due to non-international armed conflict in September. Office for the Coordination of Humanitarian Affairs (OCHA) - 30 October 2025",,Conflict
214908,Cameroon,CMR,10.92329,13.88166,"[10.92329, 13.88166]",Recommended figure,Conflict,total,3560,2025-09-19,2025-09-01,2025-09-19,2025,30488,Cameroon: Non-International armed conflict (NIAC) - Far North (Boko Haram) - 2025,,,2025-01-01,2025-12-28,,,,,,Office for the Coordination of Humanitarian Affairs (OCHA),,"Koza, Mayo-Tsanaga, Far-North, Cameroon","10.92329, 13.88166",County/City/town/Village/Woreda (ADM3),Origin,Displacement without preventive evacuations reported,2025-12-05T12:40:13.249697Z,"Cameroon: 3,560 displacements, 01 September - 19 September. According to OCHA, at least 3,560 people were displaced internally from the Koza subdivision in the Mayo-Tsanaga department of Cameroon's Far North region due to a non-international armed conflict in September. Office for the Coordination of Humanitarian Affairs (OCHA) - 24 October 2025",,Conflict
193083,Cameroon,CMR,5.71842,10.90753,"[5.71842, 10.90753]",Recommended figure,Disaster,total,1297,2025-08-18,2025-08-08,2025-08-18,2025,33274,Cameroon: Landslide/Wet mass movement - West (Noun/Foumban) - 08/08/2025,,,2025-08-08,2025-08-18,Weather related,Hydrological,Mass Movement,Landslide/Wet mass movement,,International Federation of the Red Cross (IFRC),,"Foumban, Noun, West, Cameroon","5.71842, 10.90753",County/City/town/Village/Woreda (ADM3),Origin,,2025-09-23T13:52:51.396152Z,"Cameroon: 1,297 displacements (destroyed housing), 08 August - 18 August. A landslide resulted in a total of 260 households being displaced due to destroyed housing in the Foumban district of the West region between 8 and 18 August, according to the Red Cross Movement. International Federation of the Red Cross (IFRC) - 19 August 2025",,Mass Movement
214906,Cameroon,CMR,10.256623636363637,14.989356363636363,"[10.256623636363637, 14.989356363636363]",Recommended figure,Disaster,total,2532,2025-08-31,2025-08-01,2025-08-31,2025,37221,Cameroon: Flood - Far North (Mayo Tsanaga & Mayo Danay) - 01/08/2025,,,2025-08-01,2025-08-31,Weather related,Hydrological,Flood,Flood,,Office for the Coordination of Humanitarian Affairs (OCHA),,"Datchéka, Mayo-Danay, Far-North, Cameroon; Gobo, Mayo-Danay, Far-North, Cameroon; Guémé, Mayo-Danay, Far-North, Cameroon; Guéré, Mayo-Danay, Far-North, Cameroon; Hina, Mayo-Tsanaga, Far-North, Cameroon; Kai-Kai, Mayo-Danay, Far-North, Cameroon; Kar-Hay, Mayo-Danay, Far-North, Cameroon; Maga, Mayo-Danay, Far-North, Cameroon; Tchatibali, Mayo-Danay, Far-North, Cameroon; Wina, Mayo-Danay, Far-North, Cameroon; Yagoua, Mayo-Danay, Far-North, Cameroon","10.00272, 15.04917; 10.06792, 15.46764; 10.43324, 15.10735; 10.11644, 15.32228; 10.3304, 13.81111; 10.62664, 14.98507; 10.08637, 14.97271; 10.90966, 14.94156; 9.98791, 14.8967; 10.05077, 15.10812; 10.21079, 15.22121",County/City/town/Village/Woreda (ADM3); County/City/town/Village/Woreda (ADM3); County/City/town/Village/Woreda (ADM3); County/City/town/Village/Woreda (ADM3); County/City/town/Village/Woreda (ADM3); County/City/town/Village/Woreda (ADM3); County/City/town/Village/Woreda (ADM3); County/City/town/Village/Woreda (ADM3); County/City/town/Village/Woreda (ADM3); County/City/town/Village/Woreda (ADM3); County/City/town/Village/Woreda (ADM3),Origin; Origin; Origin; Origin; Origin; Origin; Origin; Origin; Origin; Origin; Origin,,2025-12-05T11:43:13.809559Z,"Cameroon: 2,532 displacements (destroyed housing), 01 August - 31 August. According to OCHA, at least 422 households were internally displaced due to destroyed shelters caused by floods between 1 and 31 August in Hina, Kar Hay, Kaï Kaï, Guéré, Tchatibali, Datcheka, Wina, Maga, Vélé, Yagoua and Gobo subdivisions of Mayo-Danay and Mayo-Tsanaga departments, Far North region. Office for the Coordination of Humanitarian Affairs (OCHA) - 07 October 2025",,Flood
193969,Cameroon,CMR,6.62345,10.04333,"[6.62345, 10.04333]",Recommended figure,Conflict,more than or equal to,4000,2025-07-31,2025-07-15,2025-07-31,2025,33374,Cameroon: Communal violence - Northwest (Menchum) - 15/07/2025,,,2025-07-15,2025-07-31,,,,,,Office for the Coordination of Humanitarian Affairs (OCHA),,"Menchum, Northwest, Cameroon","6.62345, 10.04333",District/Zone/Department (ADM2),Origin,Displacement without preventive evacuations reported,2025-10-07T14:08:10.852088Z,"Cameroon: 4,000 displacements, 15 July - 31 July. According to the Office for the Coordination of Humanitarian Affairs (OCHA), more than 4,000 people were displaced internally due to communal violence in Menchum Division in July, moving to a nearby areas. Office for the Coordination of Humanitarian Affairs (OCHA) - 08 September 2025",,Conflict
214917,Cameroon,CMR,12.68361,14.35319,"[12.68361, 14.35319]",Recommended figure,Disaster,more than or equal to,3000,2025-09-30,2025-07-01,2025-09-30,2025,37238,Cameroon: Flood - Logone et Chari (Hilé Alifa) - 01/07/2025,,,2025-07-01,2025-09-30,Weather related,Hydrological,Flood,Flood,,Office for the Coordination of Humanitarian Affairs (OCHA),,"Hilé - Alifa, Logone-et-Chari, Far-North, Cameroon","12.68361, 14.35319",County/City/town/Village/Woreda (ADM3),Origin,,2025-12-05T13:08:56.744204Z,"Cameroon: 3,000 displacements (destroyed housing), 01 July - 30 September. According to OCHA, more than 500 households were displaced within the Hilé Alifa subdivision of the Logone et Chari department in the Far North region due to flooding destroying their homes between July and September. Office for the Coordination of Humanitarian Affairs (OCHA) - 24 October 2025",,Flood
194672,Cameroon,CMR,12.772605,14.487775,"[12.772605, 14.487775]",Recommended figure,Conflict,total,1617,2025-07-31,2025-07-01,2025-07-31,2025,30488,Cameroon: Non-International armed conflict (NIAC) - Far North (Boko Haram) - 2025,,,2025-01-01,2025-12-28,,,,,,Office for the Coordination of Humanitarian Affairs (OCHA),,"Blangoua, Logone-et-Chari, Far-North, Cameroon; Darak, Logone-et-Chari, Far-North, Cameroon","12.77407, 14.54553; 12.77114, 14.43002",County/City/town/Village/Woreda (ADM3); County/City/town/Village/Woreda (ADM3),Destination; Origin,Displacement without preventive evacuations reported,2025-10-10T17:04:14.979036Z,"Cameroon: 1,617 displacements, 01 July - 31 July. Non-international armed conflict resulted in a total of 1,617 people being internally displaced from the villages of Karéna and Dolé in the Darak subdivision to the Blangoua subdivision in Logone et Chari in July, according to Office for the Coordination of Humanitarian Affairs (OCHA). Office for the Coordination of Humanitarian Affairs (OCHA) - 09 September 2025",,Conflict
187577,Cameroon,CMR,12.772605,14.487775,"[12.772605, 14.487775]",Recommended figure,Conflict,total,678,2025-06-21,2025-06-13,2025-06-21,2025,30488,Cameroon: Non-International armed conflict (NIAC) - Far North (Boko Haram) - 2025,,,2025-01-01,2025-12-28,,,,,,IOM Displacement Tracking Matrix (IOM DTM),,"Blangoua, Logone-et-Chari, Far-North, Cameroon; Darak, Logone-et-Chari, Far-North, Cameroon","12.77407, 14.54553; 12.77114, 14.43002",County/City/town/Village/Woreda (ADM3); County/City/town/Village/Woreda (ADM3),Destination; Origin,Displacement without preventive evacuations reported,2025-07-14T13:30:33.564182Z,"Cameroon: 678 displacements, 13 June - 21 June. According to IOM Displacement Tracking Matrix (IOM DTM), a total of 678 people were internally displaced from Dole to Blangoua Bâche due to non-international armed conflict between 13 and 21 June. IOM Displacement Tracking Matrix (IOM DTM) - 08 July 2025",,Conflict
187529,Cameroon,CMR,12.386035,14.591145000000001,"[12.386035, 14.591145000000001]",Recommended figure,Conflict,total,80,2025-06-15,2025-06-13,2025-06-15,2025,30488,Cameroon: Non-International armed conflict (NIAC) - Far North (Boko Haram) - 2025,,,2025-01-01,2025-12-28,,,,,,IOM Displacement Tracking Matrix (IOM DTM),,"Karéna, Hilé - Alifa, Logone-et-Chari, Far-North, Cameroon; Logone-et-Chari, Far-North, Cameroon","12.73133, 14.34254; 12.04074, 14.83975",County/City/town/Village/Woreda (ADM3); District/Zone/Department (ADM2),Origin; Destination,Displacement without preventive evacuations reported,2025-07-14T09:35:17.785227Z,"Cameroon: 80 displacements, 13 June - 15 June. Non-international armed conflict resulted in a total of 80 people being internally displaced from Karéna to Ngousre Saboura between 13 and 15 June, according to IOM Displacement Tracking Matrix (IOM DTM). IOM Displacement Tracking Matrix (IOM DTM) - 19 June 2025",,Conflict
187528,Cameroon,CMR,12.71095,14.331675,"[12.71095, 14.331675]",Recommended figure,Conflict,total,720,2025-06-15,2025-06-13,2025-06-15,2025,30488,Cameroon: Non-International armed conflict (NIAC) - Far North (Boko Haram) - 2025,,,2025-01-01,2025-12-28,,,,,,IOM Displacement Tracking Matrix (IOM DTM),,"Hilé-Alifa, Hilé - Alifa, Logone-et-Chari, Far-North, Cameroon; Karéna, Hilé - Alifa, Logone-et-Chari, Far-North, Cameroon","12.69057, 14.32081; 12.73133, 14.34254",County/City/town/Village/Woreda (ADM3); County/City/town/Village/Woreda (ADM3),Destination; Origin,Displacement without preventive evacuations reported,2025-07-14T09:31:17.245171Z,"Cameroon: 720 displacements, 13 June - 15 June. According to IOM Displacement Tracking Matrix (IOM DTM), a total of 720 people were internally displaced from Karéna to Hilé-Alifa due to non-international armed conflict between 13 and 15 June. IOM Displacement Tracking Matrix (IOM DTM) - 19 June 2025",,Conflict
187533,Cameroon,CMR,10.736355,13.813295,"[10.736355, 13.813295]",Recommended figure,Conflict,total,91,2025-06-12,2025-06-11,2025-06-12,2025,30488,Cameroon: Non-International armed conflict (NIAC) - Far North (Boko Haram) - 2025,,,2025-01-01,2025-12-28,,,,,,IOM Displacement Tracking Matrix (IOM DTM),,"Mokolo, Mayo-Tsanaga, Far-North, Cameroon; Vouzod, Mokolo, Mayo-Tsanaga, Far-North, Cameroon","10.66623, 13.83659; 10.80648, 13.79",County/City/town/Village/Woreda (ADM3); County/City/town/Village/Woreda (ADM3),Destination; Origin,Displacement without preventive evacuations reported,2025-07-14T10:04:31.670489Z,"Cameroon: 91 displacements, 11 June - 12 June. Non-international armed conflict resulted in a total of 91 people being internally displaced from Vouzod within the Mokolo district on 11 and 12 June, according to IOM Displacement Tracking Matrix (IOM DTM). IOM Displacement Tracking Matrix (IOM DTM) - 19 June 2025",,Conflict
189761,Cameroon,CMR,4.6557625,9.371725000000001,"[4.6557625, 9.371725000000001]",Recommended figure,Conflict,approximately,300,2025-06-30,2025-06-01,2025-06-30,2025,30719,Cameroon: Non-International armed conflict (NIAC) - Southwest - 2025,,,2025-01-22,2025-06-30,,,,,,Office for the Coordination of Humanitarian Affairs (OCHA),,"Mbalangi, Kumba III, Kumba, Meme, Southwest, Cameroon; Meme, Southwest, Cameroon; Muyuka, Fako, Southwest, Cameroon; Southwest, Cameroon","4.50218, 9.46148; 4.66164, 9.39356; 4.32179, 9.33315; 5.13744, 9.29871",County/City/town/Village/Woreda (ADM3); District/Zone/Department (ADM2); County/City/town/Village/Woreda (ADM3); State/Region/Province (ADM1),Destination; Origin; Destination; Destination,Displacement without preventive evacuations reported,2025-08-14T07:36:04.538678Z,"Cameroon: 300 displacements, 01 June - 30 June. Approximately 300 people were internally displaced due to non-international armed conflict in June from Banga-Bankundu to nearby Banga, Muyuka, Bombe-Bakundu, and Mbalangi, according to Office for the Coordination of Humanitarian Affairs (OCHA). Office for the Coordination of Humanitarian Affairs (OCHA) - 01 August 2025",,Conflict
188018,Cameroon,CMR,12.77114,14.43002,"[12.77114, 14.43002]",Recommended figure,Disaster,more than or equal to,12,2025-06-08,2025-06-01,2025-06-08,2025,32222,Cameroon: Flood - Far North (Logone-et-Chari/Darak) - 01/06/2025,,,2025-06-01,2025-06-08,Weather related,Hydrological,Flood,Flood,,Office for the Coordination of Humanitarian Affairs (OCHA),,"Darak, Logone-et-Chari, Far-North, Cameroon","12.77114, 14.43002",County/City/town/Village/Woreda (ADM3),Origin,,2025-07-23T12:34:46.423339Z,"Cameroon: 12 displacements (destroyed housing), 01 June - 08 June. At least 2 households were internally displaced due to destroyed housing caused by floods between 1 and 8 June in Darak, according to the Office for the Coordination of Humanitarian Affairs (OCHA). Office for the Coordination of Humanitarian Affairs (OCHA) - 17 June 2025",,Flood
188017,Cameroon,CMR,12.77407,14.54553,"[12.77407, 14.54553]",Recommended figure,Disaster,total,48,2025-06-08,2025-06-01,2025-06-08,2025,32221,Cameroon: Landslide/Wet mass movement - Far North (Logone-et-Chari/Blangoua) - 01/06/2025,,,2025-06-01,2025-06-08,Weather related,Hydrological,Mass Movement,Landslide/Wet mass movement,,Office for the Coordination of Humanitarian Affairs (OCHA),,"Blangoua, Logone-et-Chari, Far-North, Cameroon","12.77407, 14.54553",County/City/town/Village/Woreda (ADM3),Origin,,2025-07-23T12:13:35.765712Z,"Cameroon: 48 displacements (destroyed housing), 01 June - 08 June. According to the Office for the Coordination of Humanitarian Affairs (OCHA), a total of 8 households were internally displaced due to destroyed housing in Blangoua due to a landslide between 1 and 8 June. Office for the Coordination of Humanitarian Affairs (OCHA) - 17 June 2025",,Mass Movement
187568,Cameroon,CMR,10.66623,13.83659,"[10.66623, 13.83659]",Triangulation,Conflict,total,204,2025-05-31,2025-05-28,2025-05-31,2025,30488,Cameroon: Non-International armed conflict (NIAC) - Far North (Boko Haram) - 2025,,,2025-01-01,2025-12-28,,,,,,IOM Displacement Tracking Matrix (IOM DTM),,"Mokolo, Mayo-Tsanaga, Far-North, Cameroon","10.66623, 13.83659",County/City/town/Village/Woreda (ADM3),Origin and destination,Displacement without preventive evacuations reported,2025-07-14T12:28:48.472589Z,"Cameroon: 204 displacements, 28 May - 31 May. Non-international armed conflict resulted in a total of 204 people being internally displaced within the Mokolo district from Magoumaz and Ldama to Ndouvgui and Mboua between 28 and 31 May, according to IOM Displacement Tracking Matrix (IOM DTM). IOM Displacement Tracking Matrix (IOM DTM) - 19 June 2025",,Conflict
187567,Cameroon,CMR,10.680205,13.82255,"[10.680205, 13.82255]",Triangulation,Conflict,total,36,2025-05-31,2025-05-28,2025-05-31,2025,30488,Cameroon: Non-International armed conflict (NIAC) - Far North (Boko Haram) - 2025,,,2025-01-01,2025-12-28,,,,,,IOM Displacement Tracking Matrix (IOM DTM),,"Mokolo, Mayo-Tsanaga, Far-North, Cameroon; Sirak, Mokolo, Mayo-Tsanaga, Far-North, Cameroon","10.66623, 13.83659; 10.69418, 13.80851",County/City/town/Village/Woreda (ADM3); County/City/town/Village/Woreda (ADM3),Origin; Destination,Displacement without preventive evacuations reported,2025-07-14T12:23:16.247637Z,"Cameroon: 36 displacements, 28 May - 31 May. Non-international armed conflict resulted in a total of 36 people being internally displaced within the Mokolo district to Sirak between 28 and 31 May, according to IOM Displacement Tracking Matrix (IOM DTM). IOM Displacement Tracking Matrix (IOM DTM) - 19 June 2025",,Conflict
187680,Cameroon,CMR,6.62345,10.04333,"[6.62345, 10.04333]",Recommended figure,Conflict,more than or equal to,2,2025-04-14,2025-04-14,2025-04-14,2025,32140,Cameroon: Communal violence - Northwest (Menchum) - 14/04/2025,,,2025-04-14,2025-04-14,,,,,,Office for the Coordination of Humanitarian Affairs (OCHA),,"Menchum, Northwest, Cameroon","6.62345, 10.04333",District/Zone/Department (ADM2),Origin,Displacement without preventive evacuations reported,2025-07-14T16:01:05.923160Z,"Cameroon: 2 displacements (forced to flee), 14 April - 14 April. According to Office for the Coordination of Humanitarian Affairs (OCHA), at least 2 people were forced to flee in the Menchum division due to communal violence on 14 April. Office for the Coordination of Humanitarian Affairs (OCHA) - 02 June 2025",,Conflict
183022,Cameroon,CMR,11.15824,14.30793,"[11.15824, 14.30793]",Recommended figure,Disaster,total,259,2025-04-13,2025-04-13,2025-04-13,2025,31168,Cameroon: Wildfire - Far North (Mayo-Sava/Mora) - 13/04/2025,,,2025-04-13,2025-04-13,Weather related,Climatological,Wildfire,Wildfire,,Office for the Coordination of Humanitarian Affairs (OCHA),,"Mora, Mayo-Sava, Far-North, Cameroon","11.15824, 14.30793",County/City/town/Village/Woreda (ADM3),Origin,,2025-04-28T08:08:19.727718Z,"Cameroon: 259 displacements (destroyed housing), 13 April - 13 April. A total of 52 households were internally displaced due to destroyed housing caused by a wildfire on 13 April in the Mora commune, according to Office for the Coordination of Humanitarian Affairs (OCHA). Office for the Coordination of Humanitarian Affairs (OCHA) - 23 April 2025",,Wildfire
187509,Cameroon,CMR,12.407405,14.69264,"[12.407405, 14.69264]",Triangulation,Conflict,total,291,2025-05-16,2025-03-24,2025-05-16,2025,30488,Cameroon: Non-International armed conflict (NIAC) - Far North (Boko Haram) - 2025,,,2025-01-01,2025-12-28,,,,,,IOM Displacement Tracking Matrix (IOM DTM),,"Blangoua, Logone-et-Chari, Far-North, Cameroon; Logone-et-Chari, Far-North, Cameroon","12.77407, 14.54553; 12.04074, 14.83975",County/City/town/Village/Woreda (ADM3); District/Zone/Department (ADM2),Destination; Origin,Displacement without preventive evacuations reported,2025-07-14T08:40:09.461222Z,"Cameroon: 291 displacements, 24 March - 16 May. Non-international armed conflict resulted in a total of 291 people being internally displaced from Boungour to the Blangoua district on 24 March, according to IOM Displacement Tracking Matrix (IOM DTM). IOM Displacement Tracking Matrix (IOM DTM) - 02 June 2025",,Conflict
187507,Cameroon,CMR,12.66276,14.401834999999998,"[12.66276, 14.401834999999998]",Triangulation,Conflict,total,470,2025-05-16,2025-03-24,2025-05-16,2025,30488,Cameroon: Non-International armed conflict (NIAC) - Far North (Boko Haram) - 2025,,,2025-01-01,2025-12-28,,,,,,IOM Displacement Tracking Matrix (IOM DTM),,"Blangoua, Logone-et-Chari, Far-North, Cameroon; Sagmé, Fotokol, Logone-et-Chari, Far-North, Cameroon","12.77407, 14.54553; 12.55145, 14.25814",County/City/town/Village/Woreda (ADM3); County/City/town/Village/Woreda (ADM3),Destination; Origin,Displacement without preventive evacuations reported,2025-07-14T08:33:09.689445Z,"Cameroon: 470 displacements, 24 March - 16 May. A total of 470 people were internally displaced due to non-international armed conflict between 24 March and 16 May from Sagmé to the Blangoua district, according to IOM Displacement Tracking Matrix (IOM DTM). IOM Displacement Tracking Matrix (IOM DTM) - 02 June 2025",,Conflict
187508,Cameroon,CMR,12.623215,14.413585,"[12.623215, 14.413585]",Triangulation,Conflict,total,619,2025-05-16,2025-03-24,2025-05-16,2025,30488,Cameroon: Non-International armed conflict (NIAC) - Far North (Boko Haram) - 2025,,,2025-01-01,2025-12-28,,,,,,IOM Displacement Tracking Matrix (IOM DTM),,"Blangoua, Logone-et-Chari, Far-North, Cameroon; Fotokol, Logone-et-Chari, Far-North, Cameroon","12.77407, 14.54553; 12.47236, 14.28164",County/City/town/Village/Woreda (ADM3); County/City/town/Village/Woreda (ADM3),Destination; Origin,Displacement without preventive evacuations reported,2025-07-14T08:37:13.330430Z,"Cameroon: 619 displacements, 24 March - 16 May. A total of 619 people were internally displaced due to non-international armed conflict on 24 March from the Fotokol district to the Blangoua district, according to IOM Displacement Tracking Matrix (IOM DTM). IOM Displacement Tracking Matrix (IOM DTM) - 02 June 2025",,Conflict
187676,Cameroon,CMR,5.785394999999999,9.88415,"[5.785394999999999, 9.88415]",Recommended figure,Conflict,approximately,180,2025-03-18,2025-03-18,2025-03-18,2025,32137,Cameroon: Communal violence - Northwest and Southwest - 18/03/2025,,,2025-03-18,2025-03-18,,,,,,Office for the Coordination of Humanitarian Affairs (OCHA),,"Northwest, Cameroon; Southwest, Cameroon","6.43335, 10.46959; 5.13744, 9.29871",State/Region/Province (ADM1); State/Region/Province (ADM1),Origin; Origin,Displacement without preventive evacuations reported,2025-07-14T14:48:22.415668Z,"Cameroon: 180 displacements, 18 March - 18 March. According to Office for the Coordination of Humanitarian Affairs (OCHA), approximately 180 people were internally displaced in Benabinge due to communal violence on 18 March. Office for the Coordination of Humanitarian Affairs (OCHA) - 12 May 2025",,Conflict
183459,Cameroon,CMR,10.66623,13.83659,"[10.66623, 13.83659]",Triangulation,Conflict,total,405,2025-03-22,2025-03-16,2025-03-22,2025,30488,Cameroon: Non-International armed conflict (NIAC) - Far North (Boko Haram) - 2025,,,2025-01-01,2025-12-28,,,,,,IOM Displacement Tracking Matrix (IOM DTM),,"Mokolo, Mayo-Tsanaga, Far-North, Cameroon","10.66623, 13.83659",County/City/town/Village/Woreda (ADM3),Origin and destination,Displacement without preventive evacuations reported,2025-05-08T14:26:53.487772Z,"Cameroon: 405 displacements, 16 March - 22 March. A total of 405 people were internally displaced due to non-international armed conflict between 16 and 22 March within the Mokolo commune, according to IOM Displacement Tracking Matrix (IOM DTM). IOM Displacement Tracking Matrix (IOM DTM) - 21 April 2025",,Conflict
183463,Cameroon,CMR,10.79476,13.859124999999999,"[10.79476, 13.859124999999999]",Triangulation,Conflict,total,285,2025-03-22,2025-03-16,2025-03-22,2025,30488,Cameroon: Non-International armed conflict (NIAC) - Far North (Boko Haram) - 2025,,,2025-01-01,2025-12-28,,,,,,IOM Displacement Tracking Matrix (IOM DTM),,"Koza, Mayo-Tsanaga, Far-North, Cameroon; Mokolo, Mayo-Tsanaga, Far-North, Cameroon","10.92329, 13.88166; 10.66623, 13.83659",County/City/town/Village/Woreda (ADM3); County/City/town/Village/Woreda (ADM3),Origin; Origin and destination,Displacement without preventive evacuations reported,2025-05-08T14:35:41.654794Z,"Cameroon: 285 displacements, 16 March - 22 March. According to IOM Displacement Tracking Matrix (IOM DTM), a total of 285 people were internally displaced from the Mokolo and Koza communes to the Mokolo commune due to non-international armed conflict between 16 and 22 March. IOM Displacement Tracking Matrix (IOM DTM) - 21 April 2025",,Conflict
183460,Cameroon,CMR,10.806436666666665,13.755649999999997,"[10.806436666666665, 13.755649999999997]",Triangulation,Conflict,total,180,2025-03-22,2025-03-16,2025-03-22,2025,30488,Cameroon: Non-International armed conflict (NIAC) - Far North (Boko Haram) - 2025,,,2025-01-01,2025-12-28,,,,,,IOM Displacement Tracking Matrix (IOM DTM),,"Ldamang, Mokolo, Mayo-Tsanaga, Far-North, Cameroon; Mokolo, Mayo-Tsanaga, Far-North, Cameroon; Tourou, Mokolo, Mayo-Tsanaga, Far-North, Cameroon","10.82628, 13.69981; 10.66623, 13.83659; 10.9268, 13.73055",County/City/town/Village/Woreda (ADM3); County/City/town/Village/Woreda (ADM3); County/City/town/Village/Woreda (ADM3),Origin; Origin and destination; Origin,Displacement without preventive evacuations reported,2025-05-08T14:30:17.836613Z,"Cameroon: 180 displacements, 16 March - 22 March. A total of 180 people were internally displaced due to non-international armed conflict between 16 and 22 March from Magoumaz, Ségoulé, Tourou, and Ldamang to Mokolo Centre, according to IOM Displacement Tracking Matrix (IOM DTM). IOM Displacement Tracking Matrix (IOM DTM) - 21 April 2025",,Conflict
187674,Cameroon,CMR,4.71795,9.337615,"[4.71795, 9.337615]",Recommended figure,Conflict,more than or equal to,710,2025-03-11,2025-03-11,2025-03-11,2025,30719,Cameroon: Non-International armed conflict (NIAC) - Southwest - 2025,,,2025-01-22,2025-06-30,,,,,,Office for the Coordination of Humanitarian Affairs (OCHA),,"Owe, Muyuka, Fako, Southwest, Cameroon; Southwest, Cameroon","4.29846, 9.37652; 5.13744, 9.29871",County/City/town/Village/Woreda (ADM3); State/Region/Province (ADM1),Origin; Destination,Displacement without preventive evacuations reported,2025-07-14T14:38:06.077716Z,"Cameroon: 710 displacements (forced to flee), 11 March - 11 March. Non-international armed conflict resulted in more than 710 people being forced to flee from Owe within the Southwest region on 11 March, according to Office for the Coordination of Humanitarian Affairs (OCHA). Office for the Coordination of Humanitarian Affairs (OCHA) - 12 May 2025",,Conflict
180304,Cameroon,CMR,12.68709,14.337,"[12.68709, 14.337]",Triangulation,Conflict,total,1190,2025-02-19,2025-02-18,2025-02-19,2025,30488,Cameroon: Non-International armed conflict (NIAC) - Far North (Boko Haram) - 2025,,,2025-01-01,2025-12-28,,,,,,IOM Displacement Tracking Matrix (IOM DTM),,"Hilé-Alifa, Hilé - Alifa, Logone-et-Chari, Far-North, Cameroon; Hilé - Alifa, Logone-et-Chari, Far-North, Cameroon","12.69057, 14.32081; 12.68361, 14.35319",County/City/town/Village/Woreda (ADM3); County/City/town/Village/Woreda (ADM3),Destination; Origin,Displacement reporting preventive evacuations,2025-02-28T10:22:08.836531Z,"Cameroon: 1,190 displacements, 18 February - 19 February. A total of 1,190 people pre-emptively were internally displaced due to non-international armed conflict on 18 and 19 February from Famaré to Hilé-Alifa, according to IOM Displacement Tracking Matrix (IOM DTM). IOM Displacement Tracking Matrix (IOM DTM) - 21 February 2025",,Conflict
179900,Cameroon,CMR,12.730855,14.375415,"[12.730855, 14.375415]",Triangulation,Conflict,total,2080,2025-02-03,2025-02-02,2025-02-03,2025,30488,Cameroon: Non-International armed conflict (NIAC) - Far North (Boko Haram) - 2025,,,2025-01-01,2025-12-28,,,,,,IOM Displacement Tracking Matrix (IOM DTM),,"Darak, Logone-et-Chari, Far-North, Cameroon; Hilé-Alifa, Hilé - Alifa, Logone-et-Chari, Far-North, Cameroon","12.77114, 14.43002; 12.69057, 14.32081",County/City/town/Village/Woreda (ADM3); County/City/town/Village/Woreda (ADM3),Origin; Destination,Displacement without preventive evacuations reported,2025-02-19T14:34:54.322614Z,"Cameroon: 2,080 displacements, 02 February - 03 February. A total of 2,080 people were internally displaced due to non-international armed conflict between 2 and 3 February from the Darak commune to the Hilé-Alifa town, according to IOM Displacement Tracking Matrix (IOM DTM). IOM Displacement Tracking Matrix (IOM DTM) - 05 February 2025",,Conflict
179901,Cameroon,CMR,12.72413,14.38992,"[12.72413, 14.38992]",Triangulation,Conflict,total,720,2025-02-03,2025-02-02,2025-02-03,2025,30488,Cameroon: Non-International armed conflict (NIAC) - Far North (Boko Haram) - 2025,,,2025-01-01,2025-12-28,,,,,,IOM Displacement Tracking Matrix (IOM DTM),,"Darak, Logone-et-Chari, Far-North, Cameroon; Mafoulso, Hilé - Alifa, Logone-et-Chari, Far-North, Cameroon","12.77114, 14.43002; 12.67712, 14.34982",County/City/town/Village/Woreda (ADM3); County/City/town/Village/Woreda (ADM3),Origin; Destination,Displacement without preventive evacuations reported,2025-02-19T14:37:39.647777Z,"Cameroon: 720 displacements, 02 February - 03 February. According to IOM Displacement Tracking Matrix (IOM DTM), a total of 720 people were internally displaced from the Darak commune to the Mafoulso town due to non-international armed conflict on 2 and 3 February. IOM Displacement Tracking Matrix (IOM DTM) - 05 February 2025",,Conflict
179989,Cameroon,CMR,12.77407,14.54553,"[12.77407, 14.54553]",Triangulation,Conflict,total,5436,2025-02-18,2025-01-26,2025-02-18,2025,30488,Cameroon: Non-International armed conflict (NIAC) - Far North (Boko Haram) - 2025,,,2025-01-01,2025-12-28,,,,,,IOM Displacement Tracking Matrix (IOM DTM),,"Blangoua, Logone-et-Chari, Far-North, Cameroon","12.77407, 14.54553",County/City/town/Village/Woreda (ADM3),Origin and destination,Displacement without preventive evacuations reported,2025-02-20T14:14:05.321080Z,"Cameroon: 5,436 displacements, 26 January - 18 February. Non-international armed conflict resulted in a total of 5,436 people being internally displaced within Blangoua between 26 January and 18 February, according to IOM Displacement Tracking Matrix (IOM DTM). IOM Displacement Tracking Matrix (IOM DTM) - 19 February 2025",,Conflict
180873,Cameroon,CMR,4.632160000000001,9.403985,"[4.632160000000001, 9.403985]",Recommended figure,Conflict,more than or equal to,150,2025-01-22,2025-01-22,2025-01-22,2025,30719,Cameroon: Non-International armed conflict (NIAC) - Southwest - 2025,,,2025-01-22,2025-06-30,,,,,,Office for the Coordination of Humanitarian Affairs (OCHA),,"Kumba, Meme, Southwest, Cameroon; Meme, Southwest, Cameroon","4.60268, 9.41441; 4.66164, 9.39356",District/Zone/Department (ADM2); District/Zone/Department (ADM2),Destination; Origin,Displacement without preventive evacuations reported,2025-03-14T13:05:00.756687Z,"Cameroon: 150 displacements, 22 January - 22 January. According to Office for the Coordination of Humanitarian Affairs, more than 150 people were internally displaced from Bissoro to Kumba town due to non-international armed conflict on 22 January. Office for the Coordination of Humanitarian Affairs (OCHA) - 13 March 2025",,Conflict
179912,Cameroon,CMR,10.75878,13.748066666666666,"[10.75878, 13.748066666666666]",Triangulation,Conflict,total,372,2025-01-23,2025-01-17,2025-01-23,2025,30488,Cameroon: Non-International armed conflict (NIAC) - Far North (Boko Haram) - 2025,,,2025-01-01,2025-12-28,,,,,,IOM Displacement Tracking Matrix (IOM DTM),,"Chougoule, Mokolo, Mayo-Tsanaga, Far-North, Cameroon; Ldamang, Mokolo, Mayo-Tsanaga, Far-North, Cameroon; Mokolo, Mayo-Tsanaga, Far-North, Cameroon","10.78383, 13.7078; 10.82628, 13.69981; 10.66623, 13.83659",County/City/town/Village/Woreda (ADM3); County/City/town/Village/Woreda (ADM3); County/City/town/Village/Woreda (ADM3),Origin; Origin; Destination,Displacement without preventive evacuations reported,2025-02-19T15:47:10.422307Z,"Cameroon: 372 displacements, 17 January - 23 January. According to IOM Displacement Tracking Matrix (IOM DTM), a total of 372 people were internally displaced from Chougoule and Ldamang within the Mokolo commune due to non-international armed conflict between 17 and 23 January. IOM Displacement Tracking Matrix (IOM DTM) - 05 February 2025",,Conflict
179913,Cameroon,CMR,10.685656666666667,13.782593333333333,"[10.685656666666667, 13.782593333333333]",Triangulation,Conflict,total,463,2025-01-23,2025-01-17,2025-01-23,2025,30488,Cameroon: Non-International armed conflict (NIAC) - Far North (Boko Haram) - 2025,,,2025-01-01,2025-12-28,,,,,,IOM Displacement Tracking Matrix (IOM DTM),,"Chougoule, Mokolo, Mayo-Tsanaga, Far-North, Cameroon; Mayo-Tsanaga, Far-North, Cameroon; Mokolo, Mayo-Tsanaga, Far-North, Cameroon","10.78383, 13.7078; 10.60691, 13.80339; 10.66623, 13.83659",County/City/town/Village/Woreda (ADM3); District/Zone/Department (ADM2); County/City/town/Village/Woreda (ADM3),Origin; Origin; Destination,Displacement without preventive evacuations reported,2025-02-19T15:52:43.296626Z,"Cameroon: 463 displacements, 17 January - 23 January. According to IOM Displacement Tracking Matrix (IOM DTM), a total of 463 people were internally displaced from Chougoule and Dzawandai to the Mokolo commune due to non-international armed conflict between 17 and 23 January. IOM Displacement Tracking Matrix (IOM DTM) - 05 February 2025",,Conflict
179911,Cameroon,CMR,10.911735,13.887036666666667,"[10.911735, 13.887036666666667]",Triangulation,Conflict,total,252,2025-01-23,2025-01-17,2025-01-23,2025,30488,Cameroon: Non-International armed conflict (NIAC) - Far North (Boko Haram) - 2025,,,2025-01-01,2025-12-28,,,,,,IOM Displacement Tracking Matrix (IOM DTM),,"Djibrili, Mozogo, Mayo-Tsanaga, Far-North, Cameroon; Gaboua, Koza, Mayo-Tsanaga, Far-North, Cameroon; Galdala, Koza, Mayo-Tsanaga, Far-North, Cameroon; Koza, Mayo-Tsanaga, Far-North, Cameroon; Mayo-Tsanaga, Far-North, Cameroon; Nguetchewe, Mozogo, Mayo-Tsanaga, Far-North, Cameroon","11.09013, 13.85658; 10.91339, 13.93397; 10.93824, 13.90546; 10.92329, 13.88166; 10.60691, 13.80339; 10.99845, 13.94116",County/City/town/Village/Woreda (ADM3); County/City/town/Village/Woreda (ADM3); County/City/town/Village/Woreda (ADM3); County/City/town/Village/Woreda (ADM3); District/Zone/Department (ADM2); County/City/town/Village/Woreda (ADM3),Origin; Origin; Origin; Destination; Origin; Origin,Displacement without preventive evacuations reported,2025-02-19T15:43:40.350053Z,"Cameroon: 252 displacements, 17 January - 23 January. Non-international armed conflict resulted in a total of 252 people being internally displaced irom Gabas, Nguétchéwé, Djibrili, Goldala, Gaboua, and Mavoumay to Guid Chigue between 17 and 23 January, according to IOM Displacement Tracking Matrix (IOM DTM). IOM Displacement Tracking Matrix (IOM DTM) - 05 February 2025",,Conflict
179910,Cameroon,CMR,10.986458,13.890899999999998,"[10.986458, 13.890899999999998]",Triangulation,Conflict,total,202,2025-01-23,2025-01-17,2025-01-23,2025,30488,Cameroon: Non-International armed conflict (NIAC) - Far North (Boko Haram) - 2025,,,2025-01-01,2025-12-28,,,,,,IOM Displacement Tracking Matrix (IOM DTM),,"Djibrili, Mozogo, Mayo-Tsanaga, Far-North, Cameroon; Galdala, Koza, Mayo-Tsanaga, Far-North, Cameroon; Goldavi, Mozogo, Mayo-Tsanaga, Far-North, Cameroon; Koza, Mayo-Tsanaga, Far-North, Cameroon; Moskota, Koza, Mayo-Tsanaga, Far-North, Cameroon","11.09013, 13.85658; 10.93824, 13.90546; 11.03714, 13.94238; 10.92329, 13.88166; 10.94349, 13.86842",County/City/town/Village/Woreda (ADM3); County/City/town/Village/Woreda (ADM3); County/City/town/Village/Woreda (ADM3); County/City/town/Village/Woreda (ADM3); County/City/town/Village/Woreda (ADM3),Origin; Origin; Origin; Destination; Origin,Displacement without preventive evacuations reported,2025-02-19T15:40:07.871201Z,"Cameroon: 202 displacements, 17 January - 23 January. A total of 202 people were internally displaced due to non-international armed conflict between 17 and 23 January from Moskota, Djibrili, Galdala, and Goldavi to Banquette, according to IOM Displacement Tracking Matrix (IOM DTM). IOM Displacement Tracking Matrix (IOM DTM) - 05 February 2025",,Conflict
179909,Cameroon,CMR,10.7651,13.842525,"[10.7651, 13.842525]",Triangulation,Conflict,total,78,2025-01-23,2025-01-17,2025-01-23,2025,30488,Cameroon: Non-International armed conflict (NIAC) - Far North (Boko Haram) - 2025,,,2025-01-01,2025-12-28,,,,,,IOM Displacement Tracking Matrix (IOM DTM),,"Koza, Mayo-Tsanaga, Far-North, Cameroon; Mayo-Tsanaga, Far-North, Cameroon","10.92329, 13.88166; 10.60691, 13.80339",County/City/town/Village/Woreda (ADM3); District/Zone/Department (ADM2),Destination; Origin,Displacement without preventive evacuations reported,2025-02-19T15:36:49.212289Z,"Cameroon: 78 displacements, 17 January - 23 January. Non-international armed conflict resulted in a total of 78 people being internally displaced from Djenge to Gaivoudika between 17 and 23 January, according to IOM Displacement Tracking Matrix (IOM DTM). IOM Displacement Tracking Matrix (IOM DTM) - 05 February 2025",,Conflict
179908,Cameroon,CMR,10.949708000000001,13.891201999999998,"[10.949708000000001, 13.891201999999998]",Triangulation,Conflict,total,320,2025-01-23,2025-01-17,2025-01-23,2025,30488,Cameroon: Non-International armed conflict (NIAC) - Far North (Boko Haram) - 2025,,,2025-01-01,2025-12-28,,,,,,IOM Displacement Tracking Matrix (IOM DTM),,"Goldavi, Mozogo, Mayo-Tsanaga, Far-North, Cameroon; Guedjele, Koza, Mayo-Tsanaga, Far-North, Cameroon; Koza, Mayo-Tsanaga, Far-North, Cameroon; Modoko, Koza, Mayo-Tsanaga, Far-North, Cameroon; Moskota, Koza, Mayo-Tsanaga, Far-North, Cameroon","11.03714, 13.94238; 10.92897, 13.88146; 10.92329, 13.88166; 10.91565, 13.88209; 10.94349, 13.86842",County/City/town/Village/Woreda (ADM3); County/City/town/Village/Woreda (ADM3); County/City/town/Village/Woreda (ADM3); County/City/town/Village/Woreda (ADM3); County/City/town/Village/Woreda (ADM3),Origin; Origin; Destination; Origin; Origin,Displacement without preventive evacuations reported,2025-02-19T15:34:10.322548Z,"Cameroon: 320 displacements, 17 January - 23 January. According to IOM Displacement Tracking Matrix (IOM DTM), a total of 320 people were internally displaced from Moskota, Modoko, Guédjélé, and Goldavi to Kondourma due to non-international armed conflict between 17 and 23 January. IOM Displacement Tracking Matrix (IOM DTM) - 05 February 2025",,Conflict
179914,Cameroon,CMR,10.823995,13.87971,"[10.823995, 13.87971]",Triangulation,Conflict,total,147,2025-01-17,2025-01-17,2025-01-17,2025,30488,Cameroon: Non-International armed conflict (NIAC) - Far North (Boko Haram) - 2025,,,2025-01-01,2025-12-28,,,,,,IOM Displacement Tracking Matrix (IOM DTM),,"Grede, Mokolo, Mayo-Tsanaga, Far-North, Cameroon; Moskota, Koza, Mayo-Tsanaga, Far-North, Cameroon","10.7045, 13.891; 10.94349, 13.86842",County/City/town/Village/Woreda (ADM3); County/City/town/Village/Woreda (ADM3),Destination; Origin,Displacement without preventive evacuations reported,2025-02-19T15:55:17.756085Z,"Cameroon: 147 displacements, 17 January - 17 January. A total of 147 people were internally displaced due to non-international armed conflict on 17 January from Moskota to Grede, according to IOM Displacement Tracking Matrix (IOM DTM). IOM Displacement Tracking Matrix (IOM DTM) - 05 February 2025",,Conflict
193037,Cameroon,CMR,10.88374,14.31536,"[10.88374, 14.31536]",Recommended figure,Conflict,total,10,2025-05-31,2025-01-01,2025-05-31,2025,30488,Cameroon: Non-International armed conflict (NIAC) - Far North (Boko Haram) - 2025,,,2025-01-01,2025-12-28,,,,,,IOM Displacement Tracking Matrix (IOM DTM),,"Diamaré, Far-North, Cameroon; Mayo-Sava, Far-North, Cameroon","10.66287, 14.41618; 11.10461, 14.21454",District/Zone/Department (ADM2); District/Zone/Department (ADM2),Destination; Origin,Displacement without preventive evacuations reported,2025-09-23T12:30:56.820688Z,"Cameroon: 10 displacements, 01 January - 31 May. According to IOM Displacement Tracking Matrix (IOM DTM), a total of 10 people were internally displaced from Mayo-Sava to Diamaré due to non-international armed conflict between January and May. IOM Displacement Tracking Matrix (IOM DTM) - 06 August 2025",,Conflict
193063,Cameroon,CMR,10.29065,14.45929,"[10.29065, 14.45929]",Recommended figure,Conflict,total,439,2025-05-31,2025-01-01,2025-05-31,2025,30488,Cameroon: Non-International armed conflict (NIAC) - Far North (Boko Haram) - 2025,,,2025-01-01,2025-12-28,,,,,,IOM Displacement Tracking Matrix (IOM DTM),,"Mayo-Kani, Far-North, Cameroon","10.29065, 14.45929",District/Zone/Department (ADM2),Origin and destination,Displacement without preventive evacuations reported,2025-09-23T13:07:20.633364Z,"Cameroon: 439 displacements, 01 January - 31 May. According to IOM Displacement Tracking Matrix (IOM DTM), a total of 439 people were internally displaced within Mayo-Kani due to non-international armed conflict between January and May. IOM Displacement Tracking Matrix (IOM DTM) - 06 August 2025",,Conflict
193050,Cameroon,CMR,12.04074,14.83975,"[12.04074, 14.83975]",Recommended figure,Conflict,total,17728,2025-05-31,2025-01-01,2025-05-31,2025,30488,Cameroon: Non-International armed conflict (NIAC) - Far North (Boko Haram) - 2025,,,2025-01-01,2025-12-28,,,,,,IOM Displacement Tracking Matrix (IOM DTM),,"Logone-et-Chari, Far-North, Cameroon","12.04074, 14.83975",District/Zone/Department (ADM2),Origin and destination,Displacement without preventive evacuations reported,2025-09-23T12:39:35.264644Z,"Cameroon: 17,728 displacements, 01 January - 31 May. According to IOM Displacement Tracking Matrix (IOM DTM), a total of 17,728 people were internally displaced within Logone-et-Chari due to non-international armed conflict between January and May. IOM Displacement Tracking Matrix (IOM DTM) - 06 August 2025",,Conflict
193054,Cameroon,CMR,12.04074,14.83975,"[12.04074, 14.83975]",Recommended figure,Disaster,total,2809,2025-05-31,2025-01-01,2025-05-31,2025,33271,Cameroon: Flood - Far North - 01/01/2025,,,2025-01-01,2025-05-31,Weather related,Hydrological,Flood,Flood,,IOM Displacement Tracking Matrix (IOM DTM),,"Logone-et-Chari, Far-North, Cameroon","12.04074, 14.83975",District/Zone/Department (ADM2),Origin and destination,Displacement without preventive evacuations reported,2025-09-23T12:54:33.159149Z,"Cameroon: 2,809 displacements, 01 January - 31 May. A total of 2,809 people were internally displaced due to floods between January and May within Logone-et-Chari, according to IOM Displacement Tracking Matrix (IOM DTM). IOM Displacement Tracking Matrix (IOM DTM) - 06 August 2025",,Flood
193064,Cameroon,CMR,11.10461,14.21454,"[11.10461, 14.21454]",Recommended figure,Conflict,total,3808,2025-05-31,2025-01-01,2025-05-31,2025,30488,Cameroon: Non-International armed conflict (NIAC) - Far North (Boko Haram) - 2025,,,2025-01-01,2025-12-28,,,,,,IOM Displacement Tracking Matrix (IOM DTM),,"Mayo-Sava, Far-North, Cameroon","11.10461, 14.21454",District/Zone/Department (ADM2),Origin and destination,Displacement without preventive evacuations reported,2025-09-23T13:09:18.228872Z,"Cameroon: 3,808 displacements, 01 January - 31 May. According to IOM Displacement Tracking Matrix (IOM DTM), a total of 3,808 people were internally displaced within Mayo-Sava due to non-international armed conflict between January and May. IOM Displacement Tracking Matrix (IOM DTM) - 06 August 2025",,Conflict
193059,Cameroon,CMR,10.51103,15.0408,"[10.51103, 15.0408]",Recommended figure,Disaster,total,286,2025-05-31,2025-01-01,2025-05-31,2025,33271,Cameroon: Flood - Far North - 01/01/2025,,,2025-01-01,2025-05-31,Weather related,Hydrological,Flood,Flood,,IOM Displacement Tracking Matrix (IOM DTM),,"Mayo-Danay, Far-North, Cameroon","10.51103, 15.0408",District/Zone/Department (ADM2),Origin and destination,Displacement without preventive evacuations reported,2025-09-23T13:03:32.395619Z,"Cameroon: 286 displacements, 01 January - 31 May. Floods resulted in a total of 286 people being internally displaced within Mayo-Danay between January and May, according to IOM Displacement Tracking Matrix (IOM DTM). IOM Displacement Tracking Matrix (IOM DTM) - 06 August 2025",,Flood
193066,Cameroon,CMR,10.85576,14.008965,"[10.85576, 14.008965]",Recommended figure,Conflict,total,124,2025-05-31,2025-01-01,2025-05-31,2025,30488,Cameroon: Non-International armed conflict (NIAC) - Far North (Boko Haram) - 2025,,,2025-01-01,2025-12-28,,,,,,IOM Displacement Tracking Matrix (IOM DTM),,"Mayo-Sava, Far-North, Cameroon; Mayo-Tsanaga, Far-North, Cameroon","11.10461, 14.21454; 10.60691, 13.80339",District/Zone/Department (ADM2); District/Zone/Department (ADM2),Origin; Destination,Displacement without preventive evacuations reported,2025-09-23T13:12:50.122892Z,"Cameroon: 124 displacements, 01 January - 31 May. Non-international armed conflict resulted in a total of 124 people being internally displaced from Mayo-Sava to Mayo-Tsanaga between January and May, according to IOM Displacement Tracking Matrix (IOM DTM). IOM Displacement Tracking Matrix (IOM DTM) - 06 August 2025",,Conflict
193058,Cameroon,CMR,10.58695,14.72849,"[10.58695, 14.72849]",Recommended figure,Conflict,total,20,2025-05-31,2025-01-01,2025-05-31,2025,30488,Cameroon: Non-International armed conflict (NIAC) - Far North (Boko Haram) - 2025,,,2025-01-01,2025-12-28,,,,,,IOM Displacement Tracking Matrix (IOM DTM),,"Diamaré, Far-North, Cameroon; Mayo-Danay, Far-North, Cameroon","10.66287, 14.41618; 10.51103, 15.0408",District/Zone/Department (ADM2); District/Zone/Department (ADM2),Origin; Destination,Displacement without preventive evacuations reported,2025-09-23T13:01:30.297925Z,"Cameroon: 20 displacements, 01 January - 31 May. Non-international armed conflict resulted in a total of 20 people being internally displaced from Diamaré to Mayo-Danay between January and May, according to IOM Displacement Tracking Matrix (IOM DTM). IOM Displacement Tracking Matrix (IOM DTM) - 06 August 2025",,Conflict
193067,Cameroon,CMR,10.60691,13.80339,"[10.60691, 13.80339]",Recommended figure,Conflict,total,14188,2025-05-31,2025-01-01,2025-05-31,2025,30488,Cameroon: Non-International armed conflict (NIAC) - Far North (Boko Haram) - 2025,,,2025-01-01,2025-12-28,,,,,,IOM Displacement Tracking Matrix (IOM DTM),,"Mayo-Tsanaga, Far-North, Cameroon","10.60691, 13.80339",District/Zone/Department (ADM2),Origin and destination,Displacement without preventive evacuations reported,2025-09-23T13:17:16.262377Z,"Cameroon: 14,188 displacements, 01 January - 31 May. Non-international armed conflict resulted in a total of 14,188 people being internally displaced within Mayo-Tsanaga between January and May, according to IOM Displacement Tracking Matrix (IOM DTM). IOM Displacement Tracking Matrix (IOM DTM) - 06 August 2025",,Conflict
193036,Cameroon,CMR,10.66287,14.41618,"[10.66287, 14.41618]",Recommended figure,Conflict,total,78,2025-05-31,2025-01-01,2025-05-31,2025,30488,Cameroon: Non-International armed conflict (NIAC) - Far North (Boko Haram) - 2025,,,2025-01-01,2025-12-28,,,,,,IOM Displacement Tracking Matrix (IOM DTM),,"Diamaré, Far-North, Cameroon","10.66287, 14.41618",District/Zone/Department (ADM2),Origin and destination,Displacement without preventive evacuations reported,2025-09-23T12:28:20.306591Z,"Cameroon: 78 displacements, 01 January - 31 May. Non-international armed conflict resulted in a total of 78 people being internally displaced within Diamaré between January and May, according to IOM Displacement Tracking Matrix (IOM DTM). IOM Displacement Tracking Matrix (IOM DTM) - 06 August 2025",,Conflict
193057,Cameroon,CMR,10.51103,15.0408,"[10.51103, 15.0408]",Recommended figure,Conflict,total,39,2025-05-31,2025-01-01,2025-05-31,2025,33267,Cameroon: Communal violence - Far North - 01/01/2025,,,2025-01-01,2025-05-31,,,,,,IOM Displacement Tracking Matrix (IOM DTM),,"Mayo-Danay, Far-North, Cameroon","10.51103, 15.0408",District/Zone/Department (ADM2),Origin and destination,Displacement without preventive evacuations reported,2025-09-23T12:59:15.530357Z,"Cameroon: 39 displacements, 01 January - 31 May. According to IOM Displacement Tracking Matrix (IOM DTM), a total of 39 people were internally displaced within Mayo-Danay due to communal violence between January and May. IOM Displacement Tracking Matrix (IOM DTM) - 06 August 2025",,Conflict
193029,Cameroon,CMR,10.66287,14.41618,"[10.66287, 14.41618]",Recommended figure,Conflict,total,27,2025-05-31,2025-01-01,2025-05-31,2025,33267,Cameroon: Communal violence - Far North - 01/01/2025,,,2025-01-01,2025-05-31,,,,,,IOM Displacement Tracking Matrix (IOM DTM),,"Diamaré, Far-North, Cameroon","10.66287, 14.41618",District/Zone/Department (ADM2),Origin and destination,Displacement without preventive evacuations reported,2025-09-23T12:25:54.252703Z,"Cameroon: 27 displacements, 01 January - 31 May. Communal violence resulted in a total of 27 people being internally displaced within Diamaré between January and May, according to IOM Displacement Tracking Matrix (IOM DTM). IOM Displacement Tracking Matrix (IOM DTM) - 06 August 2025",,Conflict
193048,Cameroon,CMR,12.04074,14.83975,"[12.04074, 14.83975]",Recommended figure,Conflict,total,7,2025-05-31,2025-01-01,2025-05-31,2025,33267,Cameroon: Communal violence - Far North - 01/01/2025,,,2025-01-01,2025-05-31,,,,,,IOM Displacement Tracking Matrix (IOM DTM),,"Logone-et-Chari, Far-North, Cameroon","12.04074, 14.83975",District/Zone/Department (ADM2),Origin and destination,Displacement without preventive evacuations reported,2025-09-23T12:33:34.488675Z,"Cameroon: 7 displacements, 01 January - 31 May. A total of 7 people were internally displaced due to communal violence between January and May within Logone-et-Chari, according to IOM Displacement Tracking Matrix (IOM DTM). IOM Displacement Tracking Matrix (IOM DTM) - 06 August 2025",,Conflict
180872,Cameroon,CMR,6.16318,9.48994,"[6.16318, 9.48994]",Recommended figure,Conflict,approximately,3500,2025-01-31,2025-01-01,2025-01-31,2025,30718,Cameroon: Communal violence - Southwest (Manyu/Akwaya) - 01/01/2025,,,2025-01-01,2025-01-31,,,,,,Office for the Coordination of Humanitarian Affairs (OCHA),,"Akwaya, Manyu, Southwest, Cameroon","6.16318, 9.48994",County/City/town/Village/Woreda (ADM3),Origin,Displacement without preventive evacuations reported,2025-03-14T12:58:46.082026Z,"Cameroon: 3,500 displacements, 01 January - 31 January. According to Office for the Coordination of Humanitarian Affairs, approximately 3,500 people were internally displaced in the Akwaya subdivision due to communal violence in January. Office for the Coordination of Humanitarian Affairs (OCHA) - 13 March 2025",,Conflict
179964,Cameroon,CMR,10.95428,14.27722,"[10.95428, 14.27722]",Recommended figure,Conflict,more than or equal to,200,2025-01-14,2025-01-01,2025-01-14,2025,30493,Cameroon: Communal violence - Far North (Mayo-Sava) - 01/01/2025,,,2025-01-01,2025-01-14,,,,,,Military sources,,"Yala Yalta, Mora, Mayo-Sava, Far-North, Cameroon","10.95428, 14.27722",County/City/town/Village/Woreda (ADM3),Origin,,2025-02-20T13:02:21.177234Z,"Cameroon: 200 displacements (uninhabitable housing), 01 January - 14 January. At least 200 people were left homeless following communal violence between 1 and 14 January in Yala Yalta, according to governmental sources. Voice of America (VOA) - 14 January 2025",,Conflict
